city,month,outcome,treated,post_treatment,treatment
city_0,0,2.6919778221401858,1,0,0
city_0,1,3.3661923187398104,1,0,0
city_0,2,3.2073389518480284,1,0,0
city_0,3,3.0699697858439583,1,0,0
city_0,4,3.723503937343767,1,0,0
city_0,5,2.49635848133206,1,0,0
city_0,6,2.868323806721327,1,0,0
city_0,7,2.820946772898332,1,0,0
city_0,8,3.183944965730808,1,0,0
city_0,9,2.7837070042760823,1,0,0
city_0,10,3.881416766471663,1,0,0
city_0,11,3.543118860830382,1,0,0
city_0,12,3.007821152592551,1,0,0
city_0,13,3.3230422680594462,1,0,0
city_0,14,4.073818670263652,1,0,0
city_0,15,4.420987169318884,1,0,0
city_0,16,5.08379419839605,1,0,0
city_0,17,5.6245188578167955,1,0,0
city_0,18,4.455617238340121,1,0,0
city_0,19,3.8331471385840845,1,0,0
city_0,20,4.140088998996798,1,1,1
city_0,21,5.416870279717606,1,1,1
city_0,22,4.952167795580127,1,1,1
city_0,23,5.225320514390427,1,1,1
city_0,24,5.200064868807555,1,1,1
city_0,25,5.507602273322972,1,1,1
city_0,26,6.181660282127151,1,1,1
city_0,27,5.796673246192352,1,1,1
city_0,28,5.70713568413812,1,1,1
city_0,29,5.335775354367814,1,1,1
city_1,0,1.2429736238547444,0,0,0
city_1,1,1.9750332038018545,0,0,0
city_1,2,2.328006454611492,0,0,0
city_1,3,3.3744061728623898,0,0,0
city_1,4,2.6899499254126207,0,0,0
city_1,5,3.2493775232649846,0,0,0
city_1,6,2.6403750617157753,0,0,0
city_1,7,2.428383040268307,0,0,0
city_1,8,2.6679431959499427,0,0,0
city_1,9,2.916348053012229,0,0,0
city_1,10,4.470467218153819,0,0,0
city_1,11,3.1216215797806846,0,0,0
city_1,12,4.076453568317136,0,0,0
city_1,13,3.3294517168513686,0,0,0
city_1,14,4.369221888153405,0,0,0
city_1,15,4.2172467490057945,0,0,0
city_1,16,4.066606706385265,0,0,0
city_1,17,4.24352060378806,0,0,0
city_1,18,4.054309987100796,0,0,0
city_1,19,4.7213722058582634,0,0,0
city_1,20,4.386312090870203,0,1,0
city_1,21,4.11530988607869,0,1,0
city_1,22,4.202300480711889,0,1,0
city_1,23,5.039574232424972,0,1,0
city_1,24,5.853698940719846,0,1,0
city_1,25,5.253892297226663,0,1,0
city_1,26,5.223199321490614,0,1,0
city_1,27,5.532941606270648,0,1,0
city_1,28,6.14943731577537,0,1,0
city_1,29,5.711443808711156,0,1,0
city_2,0,0.9864804271170926,0,0,0
city_2,1,1.8865893526915463,0,0,0
city_2,2,1.6886613346064892,0,0,0
city_2,3,2.3823358392265384,0,0,0
city_2,4,1.8455862149815316,0,0,0
city_2,5,1.2805822413931134,0,0,0
city_2,6,1.346922075506197,0,0,0
city_2,7,2.993988631461888,0,0,0
city_2,8,3.1672198688350344,0,0,0
city_2,9,2.351830742397793,0,0,0
city_2,10,2.385543033953565,0,0,0
city_2,11,3.442750559657794,0,0,0
city_2,12,2.2927453932547355,0,0,0
city_2,13,2.5324957330905082,0,0,0
city_2,14,3.4344682771117454,0,0,0
city_2,15,3.047806379020173,0,0,0
city_2,16,3.3742146365560983,0,0,0
city_2,17,3.4260878122316694,0,0,0
city_2,18,3.807002128053946,0,0,0
city_2,19,4.471738457592494,0,0,0
city_2,20,3.942455254127921,0,1,0
city_2,21,4.347685926206953,0,1,0
city_2,22,3.128578849498076,0,1,0
city_2,23,4.256655225345297,0,1,0
city_2,24,3.986156811505502,0,1,0
city_2,25,3.924538088736801,0,1,0
city_2,26,4.220463733009869,0,1,0
city_2,27,4.617503902988938,0,1,0
city_2,28,5.366981100971453,0,1,0
city_2,29,4.369744568489642,0,1,0
city_3,0,2.467994469901772,0,0,0
city_3,1,2.3495446688335746,0,0,0
city_3,2,2.565378647546619,0,0,0
city_3,3,3.366813003816914,0,0,0
city_3,4,3.269342489959812,0,0,0
city_3,5,3.8024657423106576,0,0,0
city_3,6,3.188627211399567,0,0,0
city_3,7,3.0486545156068465,0,0,0
city_3,8,3.414076306605515,0,0,0
city_3,9,3.7752705930942114,0,0,0
city_3,10,3.868965161430899,0,0,0
city_3,11,3.363784491655157,0,0,0
city_3,12,4.075171925086847,0,0,0
city_3,13,4.266643604753957,0,0,0
city_3,14,5.532528934455008,0,0,0
city_3,15,5.332143668743038,0,0,0
city_3,16,4.085703731634531,0,0,0
city_3,17,4.4859207101359475,0,0,0
city_3,18,4.013870370997251,0,0,0
city_3,19,4.564918606651846,0,0,0
city_3,20,5.131467581898426,0,1,0
city_3,21,5.688708239213325,0,1,0
city_3,22,4.832091084298508,0,1,0
city_3,23,4.979159105218537,0,1,0
city_3,24,4.340948072439572,0,1,0
city_3,25,5.440394683281087,0,1,0
city_3,26,5.0964447954014425,0,1,0
city_3,27,5.467661098287902,0,1,0
city_3,28,5.397499472202935,0,1,0
city_3,29,5.891184282605715,0,1,0
city_4,0,1.2985701353002692,0,0,0
city_4,1,1.5800874819658697,0,0,0
city_4,2,3.513195036598195,0,0,0
city_4,3,1.9386026281812567,0,0,0
city_4,4,2.1664407630981044,0,0,0
city_4,5,3.764583951256804,0,0,0
city_4,6,4.428725886537504,0,0,0
city_4,7,2.5192437333541617,0,0,0
city_4,8,3.0485057684432966,0,0,0
city_4,9,3.529779166659296,0,0,0
city_4,10,4.348489463236689,0,0,0
city_4,11,3.1146202834370746,0,0,0
city_4,12,3.608088502966164,0,0,0
city_4,13,4.240847389620899,0,0,0
city_4,14,4.189788195164893,0,0,0
city_4,15,3.9033325217542867,0,0,0
city_4,16,4.142287430241549,0,0,0
city_4,17,3.6383270776701013,0,0,0
city_4,18,4.322057293312682,0,0,0
city_4,19,4.422118754070032,0,0,0
city_4,20,4.784371595305876,0,1,0
city_4,21,4.502410302887762,0,1,0
city_4,22,5.126451457945917,0,1,0
city_4,23,5.50647793783692,0,1,0
city_4,24,5.186111204664842,0,1,0
city_4,25,5.391399667839659,0,1,0
city_4,26,5.348082794576792,0,1,0
city_4,27,5.426400616802204,0,1,0
city_4,28,5.169313829865257,0,1,0
city_4,29,5.790967583711931,0,1,0
city_5,0,0.5527427963049707,0,0,0
city_5,1,1.7926320501138506,0,0,0
city_5,2,1.6770494537324236,0,0,0
city_5,3,1.2272781503968697,0,0,0
city_5,4,0.7964645504705314,0,0,0
city_5,5,0.7650779421090632,0,0,0
city_5,6,2.0597949386071277,0,0,0
city_5,7,1.738184327234336,0,0,0
city_5,8,1.9891115330806097,0,0,0
city_5,9,1.0186184023386122,0,0,0
city_5,10,2.496141420420307,0,0,0
city_5,11,2.4007803115265367,0,0,0
city_5,12,1.7591380892326884,0,0,0
city_5,13,2.219007977609463,0,0,0
city_5,14,2.726678115823159,0,0,0
city_5,15,2.760732935460169,0,0,0
city_5,16,2.727723749981724,0,0,0
city_5,17,2.961003878039538,0,0,0
city_5,18,3.0253261175145494,0,0,0
city_5,19,3.365790428547673,0,0,0
city_5,20,4.163076724353319,0,1,0
city_5,21,2.2814500914228395,0,1,0
city_5,22,3.5834297513399695,0,1,0
city_5,23,3.926813831156843,0,1,0
city_5,24,4.122884861930821,0,1,0
city_5,25,3.9248888529240427,0,1,0
city_5,26,3.368072252832725,0,1,0
city_5,27,4.545647476795039,0,1,0
city_5,28,5.380172060154212,0,1,0
city_5,29,3.884045301540044,0,1,0
city_6,0,0.600806043264924,0,0,0
city_6,1,0.1369329550324958,0,0,0
city_6,2,0.4027383810534304,0,0,0
city_6,3,0.03905304347890415,0,0,0
city_6,4,0.5302680691709356,0,0,0
city_6,5,1.4793998297601636,0,0,0
city_6,6,1.2524695154430516,0,0,0
city_6,7,1.95894056493787,0,0,0
city_6,8,1.813007658116641,0,0,0
city_6,9,1.5752317237944449,0,0,0
city_6,10,2.3589077316503655,0,0,0
city_6,11,1.8375502991401949,0,0,0
city_6,12,2.163018039622301,0,0,0
city_6,13,1.7315615598980922,0,0,0
city_6,14,2.043791818809809,0,0,0
city_6,15,1.7923236585984126,0,0,0
city_6,16,2.766185040567904,0,0,0
city_6,17,1.8124357295013447,0,0,0
city_6,18,2.9227903290113706,0,0,0
city_6,19,2.5661466424483463,0,0,0
city_6,20,3.3767784396009763,0,1,0
city_6,21,3.2960941930695427,0,1,0
city_6,22,3.96030610807032,0,1,0
city_6,23,3.5445087355517577,0,1,0
city_6,24,2.5220512238065753,0,1,0
city_6,25,3.403352963967233,0,1,0
city_6,26,2.9793890919749115,0,1,0
city_6,27,3.434617611882156,0,1,0
city_6,28,4.577535135393328,0,1,0
city_6,29,4.268646650989183,0,1,0
city_7,0,1.3222313331923545,0,0,0
city_7,1,1.3361025704762959,0,0,0
city_7,2,2.0296817963715985,0,0,0
city_7,3,1.5743986045049343,0,0,0
city_7,4,2.0155490634990425,0,0,0
city_7,5,2.6746117338029256,0,0,0
city_7,6,3.262793282575985,0,0,0
city_7,7,3.1550864544709145,0,0,0
city_7,8,1.8696638405535262,0,0,0
city_7,9,3.3311260119968304,0,0,0
city_7,10,3.3776219337344107,0,0,0
city_7,11,3.71023902366586,0,0,0
city_7,12,4.472111992123488,0,0,0
city_7,13,2.7921246353049014,0,0,0
city_7,14,3.6869513627562434,0,0,0
city_7,15,4.43573805411229,0,0,0
city_7,16,3.5062923694495103,0,0,0
city_7,17,5.190892476311524,0,0,0
city_7,18,4.791949697120245,0,0,0
city_7,19,5.18494372419819,0,0,0
city_7,20,4.6290894840712475,0,1,0
city_7,21,5.473384818033042,0,1,0
city_7,22,5.751715802062067,0,1,0
city_7,23,5.48393527829478,0,1,0
city_7,24,5.633756429841454,0,1,0
city_7,25,5.799835540264391,0,1,0
city_7,26,5.380152665716811,0,1,0
city_7,27,5.884281456602457,0,1,0
city_7,28,6.027070287946147,0,1,0
city_7,29,6.439386091233801,0,1,0
city_8,0,1.4381632544972665,0,0,0
city_8,1,0.5648415623507602,0,0,0
city_8,2,1.1869361378092322,0,0,0
city_8,3,2.1449659566726584,0,0,0
city_8,4,1.186702273016731,0,0,0
city_8,5,1.301084744930508,0,0,0
city_8,6,1.9665261571892012,0,0,0
city_8,7,2.440173979375159,0,0,0
city_8,8,2.1757431175686546,0,0,0
city_8,9,2.985995135332396,0,0,0
city_8,10,2.900828582558493,0,0,0
city_8,11,3.0436866270730993,0,0,0
city_8,12,3.0496046421172633,0,0,0
city_8,13,4.085564372718192,0,0,0
city_8,14,2.967767173179632,0,0,0
city_8,15,2.216613253529008,0,0,0
city_8,16,4.167941863353913,0,0,0
city_8,17,3.2838171556833324,0,0,0
city_8,18,3.7128694809286484,0,0,0
city_8,19,4.459375768997254,0,0,0
city_8,20,3.148549471429149,0,1,0
city_8,21,3.4683412497692077,0,1,0
city_8,22,3.4374177372035977,0,1,0
city_8,23,3.9842863591317297,0,1,0
city_8,24,4.743876548994504,0,1,0
city_8,25,4.928262123121973,0,1,0
city_8,26,4.945822005443044,0,1,0
city_8,27,4.242226262160594,0,1,0
city_8,28,3.933890433128539,0,1,0
city_8,29,5.255861901238177,0,1,0
city_9,0,2.1277523863323315,0,0,0
city_9,1,2.75502177960366,0,0,0
city_9,2,3.036673607115076,0,0,0
city_9,3,2.9138575504420796,0,0,0
city_9,4,3.382509019479691,0,0,0
city_9,5,3.2734136019617415,0,0,0
city_9,6,3.5788604274535913,0,0,0
city_9,7,3.1151619824403527,0,0,0
city_9,8,3.5300102148193035,0,0,0
city_9,9,3.8691651660385395,0,0,0
city_9,10,4.330644287888609,0,0,0
city_9,11,3.871752708500271,0,0,0
city_9,12,4.476089779219022,0,0,0
city_9,13,4.22810924705702,0,0,0
city_9,14,4.446420427813005,0,0,0
city_9,15,5.062755735501671,0,0,0
city_9,16,3.7929147363598528,0,0,0
city_9,17,4.281304347378378,0,0,0
city_9,18,4.327193865456715,0,0,0
city_9,19,4.038879299768706,0,0,0
city_9,20,5.002615650501662,0,1,0
city_9,21,5.851190706730074,0,1,0
city_9,22,5.467429326739365,0,1,0
city_9,23,5.840842737040076,0,1,0
city_9,24,6.417319198062189,0,1,0
city_9,25,6.666011032381605,0,1,0
city_9,26,6.095760277208989,0,1,0
city_9,27,6.933996873967842,0,1,0
city_9,28,6.428865631228395,0,1,0
city_9,29,6.08843616196446,0,1,0
city_10,0,0.21791015206646275,0,0,0
city_10,1,-0.0755089714854511,0,0,0
city_10,2,0.3700486327662918,0,0,0
city_10,3,0.7841643409998749,0,0,0
city_10,4,1.5137168643295227,0,0,0
city_10,5,2.120749339999583,0,0,0
city_10,6,0.7173961559804861,0,0,0
city_10,7,1.7526997400560453,0,0,0
city_10,8,1.1834840801717221,0,0,0
city_10,9,2.088240103689906,0,0,0
city_10,10,1.9321438904058112,0,0,0
city_10,11,1.2286849533270021,0,0,0
city_10,12,2.7543870217515067,0,0,0
city_10,13,2.1334840212452097,0,0,0
city_10,14,2.3144206528832614,0,0,0
city_10,15,2.1915170225675817,0,0,0
city_10,16,2.5439057950303203,0,0,0
city_10,17,3.2292744635286743,0,0,0
city_10,18,3.0646125110492712,0,0,0
city_10,19,3.467090941508073,0,0,0
city_10,20,3.6268623065352275,0,1,0
city_10,21,4.248986354264977,0,1,0
city_10,22,3.559626000214606,0,1,0
city_10,23,3.134559979698209,0,1,0
city_10,24,4.548173199367013,0,1,0
city_10,25,3.989991491019833,0,1,0
city_10,26,4.853803225557015,0,1,0
city_10,27,4.628562347278106,0,1,0
city_10,28,4.511264858148716,0,1,0
city_10,29,4.890772293848549,0,1,0
city_11,0,1.091432718429764,0,0,0
city_11,1,1.3067146857946867,0,0,0
city_11,2,0.4551445910310953,0,0,0
city_11,3,0.6527065743705004,0,0,0
city_11,4,1.2628123327617131,0,0,0
city_11,5,0.45386254404084386,0,0,0
city_11,6,1.1951450299170872,0,0,0
city_11,7,1.1675073656940935,0,0,0
city_11,8,1.4891302304846612,0,0,0
city_11,9,1.0671337127253135,0,0,0
city_11,10,0.8405773240063414,0,0,0
city_11,11,0.7503096217239633,0,0,0
city_11,12,1.379443258969942,0,0,0
city_11,13,1.8600217910844261,0,0,0
city_11,14,2.093874379932162,0,0,0
city_11,15,3.360079639187487,0,0,0
city_11,16,3.095334340688502,0,0,0
city_11,17,2.212042021514837,0,0,0
city_11,18,3.017564714761969,0,0,0
city_11,19,2.7906639688294734,0,0,0
city_11,20,3.0023802072096464,0,1,0
city_11,21,3.3874472288769906,0,1,0
city_11,22,3.754452324461783,0,1,0
city_11,23,3.42517686239999,0,1,0
city_11,24,4.276525126219209,0,1,0
city_11,25,3.323274408206268,0,1,0
city_11,26,4.04690515705987,0,1,0
city_11,27,5.491909622973838,0,1,0
city_11,28,4.45379192901379,0,1,0
city_11,29,5.207877957533974,0,1,0
city_12,0,1.853445591836878,0,0,0
city_12,1,2.2225441592923896,0,0,0
city_12,2,2.0272292181692197,0,0,0
city_12,3,2.0928768302034118,0,0,0
city_12,4,1.9097938937064791,0,0,0
city_12,5,2.6351355297212486,0,0,0
city_12,6,2.1136624777566366,0,0,0
city_12,7,2.990668108475332,0,0,0
city_12,8,3.3179638917432897,0,0,0
city_12,9,3.0750343106375397,0,0,0
city_12,10,2.8640991627401378,0,0,0
city_12,11,3.3486718806559828,0,0,0
city_12,12,3.080833242299415,0,0,0
city_12,13,3.8154441497214675,0,0,0
city_12,14,2.543494058292847,0,0,0
city_12,15,3.4019517197287517,0,0,0
city_12,16,2.683946124044877,0,0,0
city_12,17,3.0404639900218338,0,0,0
city_12,18,4.577621042941365,0,0,0
city_12,19,4.450039372602099,0,0,0
city_12,20,3.7485338531867094,0,1,0
city_12,21,3.4619286759371706,0,1,0
city_12,22,2.834911478123021,0,1,0
city_12,23,4.148522904064966,0,1,0
city_12,24,5.732682891759168,0,1,0
city_12,25,4.841243397676434,0,1,0
city_12,26,4.444473802729158,0,1,0
city_12,27,5.056403670387424,0,1,0
city_12,28,4.142145536263332,0,1,0
city_12,29,4.871894752091314,0,1,0
city_13,0,2.6102482121300516,0,0,0
city_13,1,2.654347534052777,0,0,0
city_13,2,3.2282613655384074,0,0,0
city_13,3,3.1392081909314227,0,0,0
city_13,4,3.4336382476081533,0,0,0
city_13,5,2.886437496404257,0,0,0
city_13,6,3.8092356205977067,0,0,0
city_13,7,4.303054481013576,0,0,0
city_13,8,3.130321871328047,0,0,0
city_13,9,3.2969114691716253,0,0,0
city_13,10,4.532566467301791,0,0,0
city_13,11,3.8914707215226314,0,0,0
city_13,12,4.810077097787146,0,0,0
city_13,13,4.006480138216784,0,0,0
city_13,14,5.073413687675906,0,0,0
city_13,15,4.528342202625025,0,0,0
city_13,16,4.706992530494494,0,0,0
city_13,17,5.474092084102085,0,0,0
city_13,18,4.623285372529661,0,0,0
city_13,19,4.444636886538393,0,0,0
city_13,20,4.800540882445734,0,1,0
city_13,21,5.3592214209685745,0,1,0
city_13,22,4.4570221825042315,0,1,0
city_13,23,5.6641103837204705,0,1,0
city_13,24,5.180099268047349,0,1,0
city_13,25,6.126149576637659,0,1,0
city_13,26,4.456531978353664,0,1,0
city_13,27,5.3604716199529685,0,1,0
city_13,28,5.009299905333543,0,1,0
city_13,29,5.536900090338212,0,1,0
city_14,0,1.1042526361032077,0,0,0
city_14,1,1.01096645165945,0,0,0
city_14,2,1.093503950007998,0,0,0
city_14,3,1.2596638065636256,0,0,0
city_14,4,1.559462357518545,0,0,0
city_14,5,1.0714589511044887,0,0,0
city_14,6,2.046555823209653,0,0,0
city_14,7,2.1413121733196236,0,0,0
city_14,8,2.1187896584523482,0,0,0
city_14,9,2.3202716921110342,0,0,0
city_14,10,2.30539079666933,0,0,0
city_14,11,3.289337882826181,0,0,0
city_14,12,2.3423165554422942,0,0,0
city_14,13,2.3458280784578647,0,0,0
city_14,14,2.2355565409066074,0,0,0
city_14,15,2.208585490998956,0,0,0
city_14,16,2.214324827959529,0,0,0
city_14,17,2.503455201145798,0,0,0
city_14,18,3.023258173441845,0,0,0
city_14,19,3.335944223049344,0,0,0
city_14,20,3.3040224733705243,0,1,0
city_14,21,3.0047980669008894,0,1,0
city_14,22,3.946234990933489,0,1,0
city_14,23,3.9738923330312605,0,1,0
city_14,24,3.6318752330044806,0,1,0
city_14,25,3.4922288946008004,0,1,0
city_14,26,4.1993670544984525,0,1,0
city_14,27,4.125089183126082,0,1,0
city_14,28,3.4124761054871984,0,1,0
city_14,29,4.207480143376515,0,1,0
city_15,0,0.6324528725607091,0,0,0
city_15,1,0.22048570248454435,0,0,0
city_15,2,0.9338704928331556,0,0,0
city_15,3,0.2798670125806644,0,0,0
city_15,4,1.8434108647752954,0,0,0
city_15,5,1.9670389668726074,0,0,0
city_15,6,1.3842547231032825,0,0,0
city_15,7,1.8593900452176562,0,0,0
city_15,8,0.639548421143874,0,0,0
city_15,9,1.4328762729301128,0,0,0
city_15,10,2.030392800986733,0,0,0
city_15,11,1.8071368132262489,0,0,0
city_15,12,2.8660091370584837,0,0,0
city_15,13,3.6727510039317695,0,0,0
city_15,14,2.2507694125844666,0,0,0
city_15,15,2.5849993723831783,0,0,0
city_15,16,3.2857880637224266,0,0,0
city_15,17,4.13763165331963,0,0,0
city_15,18,2.884571564186442,0,0,0
city_15,19,3.783636067961836,0,0,0
city_15,20,4.732799721469237,0,1,0
city_15,21,3.1589750261395912,0,1,0
city_15,22,3.506695481104815,0,1,0
city_15,23,4.097472763214811,0,1,0
city_15,24,4.210697808287073,0,1,0
city_15,25,5.0386781920931565,0,1,0
city_15,26,4.914262294711073,0,1,0
city_15,27,4.066675560216065,0,1,0
city_15,28,5.372255277336932,0,1,0
city_15,29,4.985843655621815,0,1,0
city_16,0,1.8961742219565472,0,0,0
city_16,1,1.0960308943863737,0,0,0
city_16,2,1.2416910170355757,0,0,0
city_16,3,1.9800378698012302,0,0,0
city_16,4,2.2397079724226368,0,0,0
city_16,5,2.2303665802554535,0,0,0
city_16,6,1.3108905333259455,0,0,0
city_16,7,2.569379845563373,0,0,0
city_16,8,1.929184572010322,0,0,0
city_16,9,2.709256947859608,0,0,0
city_16,10,2.0243384569471923,0,0,0
city_16,11,3.103262567242066,0,0,0
city_16,12,2.6200098239313774,0,0,0
city_16,13,2.524515002550231,0,0,0
city_16,14,3.6645843970945298,0,0,0
city_16,15,3.5696615940015524,0,0,0
city_16,16,3.28234336378693,0,0,0
city_16,17,4.4547458386576615,0,0,0
city_16,18,3.64799222710581,0,0,0
city_16,19,4.022877189580899,0,0,0
city_16,20,4.27913375667008,0,1,0
city_16,21,3.9720527401354344,0,1,0
city_16,22,4.654024101189401,0,1,0
city_16,23,4.287668526046285,0,1,0
city_16,24,4.483890048346685,0,1,0
city_16,25,5.5057284081943685,0,1,0
city_16,26,4.438203247091555,0,1,0
city_16,27,3.885594864451364,0,1,0
city_16,28,6.030350443920311,0,1,0
city_16,29,6.631859905535653,0,1,0
city_17,0,1.5700246210214321,0,0,0
city_17,1,0.9488536839243873,0,0,0
city_17,2,1.9056580813143842,0,0,0
city_17,3,2.0604287393516794,0,0,0
city_17,4,2.2502306301075734,0,0,0
city_17,5,1.9291630157287212,0,0,0
city_17,6,2.9153147477082464,0,0,0
city_17,7,3.0264787063493928,0,0,0
city_17,8,2.1547283457085826,0,0,0
city_17,9,3.3882530871563135,0,0,0
city_17,10,4.200740880848694,0,0,0
city_17,11,3.395145539441085,0,0,0
city_17,12,3.274296837539349,0,0,0
city_17,13,3.504783198488615,0,0,0
city_17,14,4.015274727290119,0,0,0
city_17,15,2.973213565482732,0,0,0
city_17,16,4.050695088231811,0,0,0
city_17,17,3.90227185084439,0,0,0
city_17,18,5.149481031719414,0,0,0
city_17,19,4.265614869086263,0,0,0
city_17,20,5.312853668571286,0,1,0
city_17,21,4.0523324624825685,0,1,0
city_17,22,5.022218564060496,0,1,0
city_17,23,5.011777891246662,0,1,0
city_17,24,4.540155395008331,0,1,0
city_17,25,5.185101165090674,0,1,0
city_17,26,5.823520263040812,0,1,0
city_17,27,5.175367659895467,0,1,0
city_17,28,4.61044152479878,0,1,0
city_17,29,5.565969632441991,0,1,0
city_18,0,1.7524669683597163,0,0,0
city_18,1,2.164686907211992,0,0,0
city_18,2,2.4260151659076836,0,0,0
city_18,3,1.743704683437043,0,0,0
city_18,4,1.9171913623230834,0,0,0
city_18,5,3.093310303554978,0,0,0
city_18,6,2.7169397976902454,0,0,0
city_18,7,1.8207151124346812,0,0,0
city_18,8,3.619063965383627,0,0,0
city_18,9,3.4851493386397516,0,0,0
city_18,10,3.1131194104737916,0,0,0
city_18,11,2.9315065942867915,0,0,0
city_18,12,4.126466377455882,0,0,0
city_18,13,4.0006583233990485,0,0,0
city_18,14,5.133489252081977,0,0,0
city_18,15,4.267277344340678,0,0,0
city_18,16,4.3648253583389485,0,0,0
city_18,17,4.200102995153879,0,0,0
city_18,18,4.803357760753484,0,0,0
city_18,19,4.817732891873554,0,0,0
city_18,20,5.240099391806687,0,1,0
city_18,21,4.46145731794608,0,1,0
city_18,22,4.611142005146413,0,1,0
city_18,23,4.69487658939453,0,1,0
city_18,24,5.434277937858549,0,1,0
city_18,25,5.891391267966171,0,1,0
city_18,26,5.015001029768595,0,1,0
city_18,27,5.1331546716428775,0,1,0
city_18,28,5.602616784510518,0,1,0
city_18,29,5.421664350405265,0,1,0
city_19,0,1.3027035186117786,0,0,0
city_19,1,-0.11975042076034903,0,0,0
city_19,2,0.7717822521350858,0,0,0
city_19,3,0.972452527654874,0,0,0
city_19,4,0.3815325819273203,0,0,0
city_19,5,1.2374600981042445,0,0,0
city_19,6,1.4387839559232831,0,0,0
city_19,7,1.9724017232324504,0,0,0
city_19,8,2.8055340171329965,0,0,0
city_19,9,2.3021186513843346,0,0,0
city_19,10,2.0843370678134474,0,0,0
city_19,11,2.7458550737193703,0,0,0
city_19,12,3.472997716457391,0,0,0
city_19,13,2.6339971429414404,0,0,0
city_19,14,2.8397390357051586,0,0,0
city_19,15,3.7468326210671443,0,0,0
city_19,16,3.5288011975235483,0,0,0
city_19,17,4.134800134529306,0,0,0
city_19,18,3.9751985720484084,0,0,0
city_19,19,4.50329209529227,0,0,0
city_19,20,3.804832374711065,0,1,0
city_19,21,4.485712108355096,0,1,0
city_19,22,4.555263504628516,0,1,0
city_19,23,4.220987686856659,0,1,0
city_19,24,4.21498910079,0,1,0
city_19,25,5.506867781328975,0,1,0
city_19,26,5.155252741836363,0,1,0
city_19,27,4.985795399316359,0,1,0
city_19,28,5.614524312684902,0,1,0
city_19,29,6.391774016301897,0,1,0
city_20,0,0.9894357644763749,0,0,0
city_20,1,1.5569508149333418,0,0,0
city_20,2,2.0181028331679407,0,0,0
city_20,3,3.383215618213319,0,0,0
city_20,4,2.9657985174014,0,0,0
city_20,5,3.3788363307742455,0,0,0
city_20,6,2.5945595716849335,0,0,0
city_20,7,2.773120502180524,0,0,0
city_20,8,3.723826904921507,0,0,0
city_20,9,3.6948697848329797,0,0,0
city_20,10,4.104693991774713,0,0,0
city_20,11,3.8998595186633067,0,0,0
city_20,12,4.294915509043309,0,0,0
city_20,13,4.395830400997501,0,0,0
city_20,14,4.865361375258988,0,0,0
city_20,15,5.038469925841336,0,0,0
city_20,16,3.98230148700113,0,0,0
city_20,17,3.824661451051142,0,0,0
city_20,18,5.604016799941563,0,0,0
city_20,19,5.850649358816919,0,0,0
city_20,20,4.898917186255781,0,1,0
city_20,21,4.630557501481059,0,1,0
city_20,22,5.760049813620569,0,1,0
city_20,23,6.324826075671732,0,1,0
city_20,24,6.905903416005535,0,1,0
city_20,25,6.411786631931388,0,1,0
city_20,26,6.113152140532552,0,1,0
city_20,27,5.996667805904274,0,1,0
city_20,28,6.5920409809741685,0,1,0
city_20,29,6.578634962666495,0,1,0
city_21,0,0.2555248748169652,0,0,0
city_21,1,1.940351061719469,0,0,0
city_21,2,1.9610448785171397,0,0,0
city_21,3,1.7885425077739228,0,0,0
city_21,4,0.9117177540096484,0,0,0
city_21,5,1.9508421881287712,0,0,0
city_21,6,1.9938978145394755,0,0,0
city_21,7,2.04566997795233,0,0,0
city_21,8,2.599101026021084,0,0,0
city_21,9,2.4413822961387135,0,0,0
city_21,10,2.642687951897687,0,0,0
city_21,11,2.7396727684011233,0,0,0
city_21,12,2.739707949964354,0,0,0
city_21,13,1.825152503503274,0,0,0
city_21,14,2.9059672431571073,0,0,0
city_21,15,2.73281201805973,0,0,0
city_21,16,2.51729154348451,0,0,0
city_21,17,4.143977393783646,0,0,0
city_21,18,4.3129773876573205,0,0,0
city_21,19,4.273054983489255,0,0,0
city_21,20,3.8655716786879624,0,1,0
city_21,21,4.557354350427142,0,1,0
city_21,22,4.031703167092096,0,1,0
city_21,23,4.270269624047247,0,1,0
city_21,24,3.7648912043239435,0,1,0
city_21,25,4.6524420302676335,0,1,0
city_21,26,4.626024718426943,0,1,0
city_21,27,4.085959474404347,0,1,0
city_21,28,4.852711881527646,0,1,0
city_21,29,4.979044616006261,0,1,0
city_22,0,1.2686348044504823,0,0,0
city_22,1,0.9697659818623058,0,0,0
city_22,2,0.6809759201462924,0,0,0
city_22,3,0.9520238162837364,0,0,0
city_22,4,1.0018907964793962,0,0,0
city_22,5,1.0302540709897838,0,0,0
city_22,6,0.742190573318856,0,0,0
city_22,7,1.359332756193004,0,0,0
city_22,8,1.2130203854338761,0,0,0
city_22,9,1.11187386071538,0,0,0
city_22,10,2.143351074501913,0,0,0
city_22,11,2.2338226995632886,0,0,0
city_22,12,1.2950238485127932,0,0,0
city_22,13,2.276955041892535,0,0,0
city_22,14,2.985795944587263,0,0,0
city_22,15,3.1669288827855393,0,0,0
city_22,16,3.2993269270455197,0,0,0
city_22,17,2.9546723156733337,0,0,0
city_22,18,2.6612120770766774,0,0,0
city_22,19,2.6901124104680783,0,0,0
city_22,20,3.5521957700725655,0,1,0
city_22,21,3.7171657192646617,0,1,0
city_22,22,4.318521137529089,0,1,0
city_22,23,4.371869510124436,0,1,0
city_22,24,3.9024805354983476,0,1,0
city_22,25,3.4928951541296156,0,1,0
city_22,26,4.101533174301265,0,1,0
city_22,27,4.515472820041158,0,1,0
city_22,28,4.45126606369773,0,1,0
city_22,29,4.408488275083669,0,1,0
city_23,0,0.14592661609555177,0,0,0
city_23,1,-0.10997196616276975,0,0,0
city_23,2,-0.04951598103488292,0,0,0
city_23,3,0.542739381394933,0,0,0
city_23,4,0.30849661816849683,0,0,0
city_23,5,0.7540073877227732,0,0,0
city_23,6,0.89100013841945,0,0,0
city_23,7,0.3071055243450812,0,0,0
city_23,8,0.7585986483149723,0,0,0
city_23,9,1.8404824845967818,0,0,0
city_23,10,0.6629030218302673,0,0,0
city_23,11,0.3079366254344267,0,0,0
city_23,12,0.5576330113395501,0,0,0
city_23,13,1.6253713332190645,0,0,0
city_23,14,1.748503182201017,0,0,0
city_23,15,1.7964330973971718,0,0,0
city_23,16,2.584491617871871,0,0,0
city_23,17,0.7631002698217626,0,0,0
city_23,18,2.4195662303846177,0,0,0
city_23,19,3.124359654998117,0,0,0
city_23,20,1.9017493284139397,0,1,0
city_23,21,2.3976919609363234,0,1,0
city_23,22,2.333059578692434,0,1,0
city_23,23,2.3841961267213825,0,1,0
city_23,24,2.790053541581172,0,1,0
city_23,25,3.7886928647201747,0,1,0
city_23,26,4.115358039346222,0,1,0
city_23,27,3.1503568963823385,0,1,0
city_23,28,4.392464293827657,0,1,0
city_23,29,3.5792745294006822,0,1,0
city_24,0,2.6363698479496054,0,0,0
city_24,1,1.8523033109357219,0,0,0
city_24,2,2.102926231239731,0,0,0
city_24,3,2.3575896525999753,0,0,0
city_24,4,3.9007393485800748,0,0,0
city_24,5,2.8724155076280433,0,0,0
city_24,6,2.227596454809234,0,0,0
city_24,7,3.1991756577472543,0,0,0
city_24,8,2.6661972201618442,0,0,0
city_24,9,2.7336612310476425,0,0,0
city_24,10,3.563243751825903,0,0,0
city_24,11,3.253874920837526,0,0,0
city_24,12,3.5059903757487327,0,0,0
city_24,13,3.5010460270528667,0,0,0
city_24,14,3.788676689464317,0,0,0
city_24,15,3.958181037950161,0,0,0
city_24,16,2.901509911169072,0,0,0
city_24,17,4.32655892609925,0,0,0
city_24,18,3.62452814818483,0,0,0
city_24,19,3.515642256422418,0,0,0
city_24,20,4.327832033795858,0,1,0
city_24,21,4.518269533678373,0,1,0
city_24,22,4.247767059474281,0,1,0
city_24,23,5.127281607083367,0,1,0
city_24,24,4.156933251291776,0,1,0
city_24,25,4.739819423509527,0,1,0
city_24,26,4.765146177468946,0,1,0
city_24,27,5.147609700090861,0,1,0
city_24,28,5.422690848091893,0,1,0
city_24,29,4.8907104895227995,0,1,0
city_25,0,2.428336659363825,0,0,0
city_25,1,2.2737037252645114,0,0,0
city_25,2,1.4710834656707166,0,0,0
city_25,3,1.6114566346404358,0,0,0
city_25,4,2.757125701511328,0,0,0
city_25,5,2.824168071302974,0,0,0
city_25,6,3.0531382422223894,0,0,0
city_25,7,3.25988126229597,0,0,0
city_25,8,3.554502298613731,0,0,0
city_25,9,4.082221479576954,0,0,0
city_25,10,3.218342273504709,0,0,0
city_25,11,3.3522307098078077,0,0,0
city_25,12,3.5547007033384883,0,0,0
city_25,13,4.407792675126508,0,0,0
city_25,14,5.046607188768905,0,0,0
city_25,15,4.368092874978151,0,0,0
city_25,16,3.4913748106782307,0,0,0
city_25,17,4.04752720665283,0,0,0
city_25,18,4.639145281887534,0,0,0
city_25,19,4.9317852450872754,0,0,0
city_25,20,5.160293002700437,0,1,0
city_25,21,5.536473225398448,0,1,0
city_25,22,5.512869295201112,0,1,0
city_25,23,6.343843825794092,0,1,0
city_25,24,5.630476583759088,0,1,0
city_25,25,5.685525594471544,0,1,0
city_25,26,6.503218833594175,0,1,0
city_25,27,5.641963261522406,0,1,0
city_25,28,6.749550263975621,0,1,0
city_25,29,6.749828684795005,0,1,0
city_26,0,1.4314493725500295,0,0,0
city_26,1,2.442147479312848,0,0,0
city_26,2,1.478904928953445,0,0,0
city_26,3,2.9613141228743753,0,0,0
city_26,4,1.9587600668612388,0,0,0
city_26,5,1.5724303637135097,0,0,0
city_26,6,2.384511350457119,0,0,0
city_26,7,1.949190715549614,0,0,0
city_26,8,2.2483449966112827,0,0,0
city_26,9,2.9587965546790636,0,0,0
city_26,10,3.1732753048279916,0,0,0
city_26,11,2.7187525908516013,0,0,0
city_26,12,3.657039930548472,0,0,0
city_26,13,3.874742259617145,0,0,0
city_26,14,4.145942210831804,0,0,0
city_26,15,3.82345519368659,0,0,0
city_26,16,4.370576935407106,0,0,0
city_26,17,2.877737559174055,0,0,0
city_26,18,3.787621413780796,0,0,0
city_26,19,3.6406777528737577,0,0,0
city_26,20,4.260571276061312,0,1,0
city_26,21,4.041188898163813,0,1,0
city_26,22,4.368972301785097,0,1,0
city_26,23,5.517464709825859,0,1,0
city_26,24,4.61503794940064,0,1,0
city_26,25,5.029515728892254,0,1,0
city_26,26,4.82841479658687,0,1,0
city_26,27,5.10355159375071,0,1,0
city_26,28,5.189072202762586,0,1,0
city_26,29,5.529826453918546,0,1,0
city_27,0,0.8857570118047864,0,0,0
city_27,1,1.2430692820149685,0,0,0
city_27,2,0.6902818844344458,0,0,0
city_27,3,0.9461743036633736,0,0,0
city_27,4,0.1917261097669789,0,0,0
city_27,5,0.8388051070014761,0,0,0
city_27,6,1.4683001522113004,0,0,0
city_27,7,1.5463778198119909,0,0,0
city_27,8,1.3342619926065133,0,0,0
city_27,9,1.7865427756988579,0,0,0
city_27,10,1.703442457221508,0,0,0
city_27,11,2.1727498622389825,0,0,0
city_27,12,1.8316380452281469,0,0,0
city_27,13,1.6232950184405468,0,0,0
city_27,14,2.0830744551261144,0,0,0
city_27,15,0.5636902873745968,0,0,0
city_27,16,2.3340881392630637,0,0,0
city_27,17,0.43192104144065335,0,0,0
city_27,18,1.5077026512105605,0,0,0
city_27,19,2.7084506948080143,0,0,0
city_27,20,2.8342887509600567,0,1,0
city_27,21,2.127093627446014,0,1,0
city_27,22,2.4648678654780136,0,1,0
city_27,23,3.6186279569270603,0,1,0
city_27,24,2.8036095401563332,0,1,0
city_27,25,4.279181417743954,0,1,0
city_27,26,3.2686885323878916,0,1,0
city_27,27,3.585425399657652,0,1,0
city_27,28,4.301436212877823,0,1,0
city_27,29,3.669938400989348,0,1,0
city_28,0,0.745581669407759,0,0,0
city_28,1,1.3366527680587104,0,0,0
city_28,2,1.5177760382462948,0,0,0
city_28,3,0.9965723891991803,0,0,0
city_28,4,1.693681089632231,0,0,0
city_28,5,1.5924426807307477,0,0,0
city_28,6,2.566942879778374,0,0,0
city_28,7,2.262575248740756,0,0,0
city_28,8,2.243653537840132,0,0,0
city_28,9,2.4710164785046733,0,0,0
city_28,10,2.773995941944832,0,0,0
city_28,11,3.108438891779417,0,0,0
city_28,12,2.4370402047501596,0,0,0
city_28,13,2.5522333794017413,0,0,0
city_28,14,3.7607630935401923,0,0,0
city_28,15,3.1369161983515745,0,0,0
city_28,16,2.7685894194751497,0,0,0
city_28,17,3.8321075359864407,0,0,0
city_28,18,3.9743422606626635,0,0,0
city_28,19,3.109022315608143,0,0,0
city_28,20,4.120111118434424,0,1,0
city_28,21,4.503421540374709,0,1,0
city_28,22,4.452354422111314,0,1,0
city_28,23,4.709957021915492,0,1,0
city_28,24,3.8199134675420874,0,1,0
city_28,25,4.814929609045894,0,1,0
city_28,26,4.6247444216355165,0,1,0
city_28,27,4.660591070075736,0,1,0
city_28,28,5.462487046688916,0,1,0
city_28,29,5.891365339148241,0,1,0
city_29,0,2.9217505252881515,0,0,0
city_29,1,2.835578140909983,0,0,0
city_29,2,2.275786969715825,0,0,0
city_29,3,2.6583612123923857,0,0,0
city_29,4,3.015623544401223,0,0,0
city_29,5,2.8418732859892044,0,0,0
city_29,6,2.9945977765844414,0,0,0
city_29,7,3.4878813562943836,0,0,0
city_29,8,3.1920095032468456,0,0,0
city_29,9,3.0015101363399834,0,0,0
city_29,10,3.3022770272260504,0,0,0
city_29,11,3.9686869357708963,0,0,0
city_29,12,3.7943064806720526,0,0,0
city_29,13,4.102855097147249,0,0,0
city_29,14,4.40659508378321,0,0,0
city_29,15,4.02180866783075,0,0,0
city_29,16,4.723900106388235,0,0,0
city_29,17,4.670621346119837,0,0,0
city_29,18,3.998100216525922,0,0,0
city_29,19,5.469854458951151,0,0,0
city_29,20,4.63042006043053,0,1,0
city_29,21,4.184237253505712,0,1,0
city_29,22,4.619165320052091,0,1,0
city_29,23,4.759984803253859,0,1,0
city_29,24,5.42434097539716,0,1,0
city_29,25,5.3880120403630265,0,1,0
city_29,26,5.48215020113214,0,1,0
city_29,27,6.085002386562395,0,1,0
city_29,28,6.068641577353898,0,1,0
city_29,29,6.179259073085705,0,1,0
city_30,0,1.6699592337702067,0,0,0
city_30,1,1.9098530142019683,0,0,0
city_30,2,0.6837308637872708,0,0,0
city_30,3,1.690586651795415,0,0,0
city_30,4,0.9169710405192544,0,0,0
city_30,5,2.1585444992330856,0,0,0
city_30,6,2.270801251694453,0,0,0
city_30,7,2.92764884069144,0,0,0
city_30,8,3.1296241069043527,0,0,0
city_30,9,2.767275814966331,0,0,0
city_30,10,2.5449446890103733,0,0,0
city_30,11,3.1660971121079378,0,0,0
city_30,12,2.7871027410878333,0,0,0
city_30,13,3.1770636465466424,0,0,0
city_30,14,3.796680131161812,0,0,0
city_30,15,3.149732511712283,0,0,0
city_30,16,3.9556189938180353,0,0,0
city_30,17,4.014798630950397,0,0,0
city_30,18,3.321179035648264,0,0,0
city_30,19,4.40716010724158,0,0,0
city_30,20,4.390298222737111,0,1,0
city_30,21,4.21194714245252,0,1,0
city_30,22,3.8989624174641135,0,1,0
city_30,23,3.968835960571174,0,1,0
city_30,24,4.24710187244519,0,1,0
city_30,25,4.903908854160646,0,1,0
city_30,26,4.270667080273103,0,1,0
city_30,27,5.082299120367207,0,1,0
city_30,28,4.35692996160242,0,1,0
city_30,29,4.989246060238043,0,1,0
city_31,0,0.8592262312018593,0,0,0
city_31,1,2.1945157687451875,0,0,0
city_31,2,0.4503898108403387,0,0,0
city_31,3,2.0416960187052955,0,0,0
city_31,4,1.5467909978327306,0,0,0
city_31,5,1.8431728180287803,0,0,0
city_31,6,1.86201020167084,0,0,0
city_31,7,2.189977913773984,0,0,0
city_31,8,2.0550758930788944,0,0,0
city_31,9,3.0227702158022622,0,0,0
city_31,10,2.230856281455128,0,0,0
city_31,11,3.1880734771469967,0,0,0
city_31,12,2.462152388242674,0,0,0
city_31,13,2.9161032630279764,0,0,0
city_31,14,2.5716529386701183,0,0,0
city_31,15,3.496061452955906,0,0,0
city_31,16,4.151537104905428,0,0,0
city_31,17,3.5502287787905114,0,0,0
city_31,18,3.6499042685263787,0,0,0
city_31,19,3.349985934864805,0,0,0
city_31,20,3.9511022225755736,0,1,0
city_31,21,3.42731241306274,0,1,0
city_31,22,3.92473866934197,0,1,0
city_31,23,4.651546434906115,0,1,0
city_31,24,5.354144128042711,0,1,0
city_31,25,6.255236417636782,0,1,0
city_31,26,4.7128424465939425,0,1,0
city_31,27,5.87880104659993,0,1,0
city_31,28,5.437556824072561,0,1,0
city_31,29,5.394101896019744,0,1,0
city_32,0,1.372067525439347,0,0,0
city_32,1,1.325708097613972,0,0,0
city_32,2,1.488285358376758,0,0,0
city_32,3,1.3666169065907368,0,0,0
city_32,4,1.0087836283436924,0,0,0
city_32,5,1.0724407858833498,0,0,0
city_32,6,2.306652052252104,0,0,0
city_32,7,1.9768187737143246,0,0,0
city_32,8,1.9516286050408533,0,0,0
city_32,9,2.387797527540056,0,0,0
city_32,10,2.914252668893818,0,0,0
city_32,11,2.739583605803096,0,0,0
city_32,12,2.453365963152383,0,0,0
city_32,13,3.525912198619997,0,0,0
city_32,14,3.833115383439332,0,0,0
city_32,15,3.4209469627759326,0,0,0
city_32,16,3.790040294063313,0,0,0
city_32,17,4.053127483434323,0,0,0
city_32,18,4.1255406086745445,0,0,0
city_32,19,3.9952943277979376,0,0,0
city_32,20,4.1145885051383,0,1,0
city_32,21,4.201838416741049,0,1,0
city_32,22,3.51936211846321,0,1,0
city_32,23,4.543852122855771,0,1,0
city_32,24,3.640487307087765,0,1,0
city_32,25,4.045450175863108,0,1,0
city_32,26,5.218347915796965,0,1,0
city_32,27,5.109959112136504,0,1,0
city_32,28,5.556308590586948,0,1,0
city_32,29,4.799018318571389,0,1,0
city_33,0,0.5050445105394115,0,0,0
city_33,1,1.1061938873605581,0,0,0
city_33,2,1.4220696059136249,0,0,0
city_33,3,1.5545863549011028,0,0,0
city_33,4,2.2253658287101326,0,0,0
city_33,5,1.6207188413731275,0,0,0
city_33,6,2.119594278407403,0,0,0
city_33,7,1.5908809655444505,0,0,0
city_33,8,2.4513655034326183,0,0,0
city_33,9,2.368168938702728,0,0,0
city_33,10,2.13151224773667,0,0,0
city_33,11,2.5277062513038073,0,0,0
city_33,12,2.6921344728263232,0,0,0
city_33,13,2.787147555418284,0,0,0
city_33,14,3.945302162105573,0,0,0
city_33,15,3.1472212166691875,0,0,0
city_33,16,3.2107180250428042,0,0,0
city_33,17,2.4195748967052366,0,0,0
city_33,18,3.156246991248913,0,0,0
city_33,19,3.60628411940199,0,0,0
city_33,20,3.5287887171423185,0,1,0
city_33,21,4.695891628534412,0,1,0
city_33,22,4.055325071701088,0,1,0
city_33,23,4.914210661287186,0,1,0
city_33,24,4.432479276634235,0,1,0
city_33,25,4.551328836336782,0,1,0
city_33,26,4.618860168019459,0,1,0
city_33,27,4.7951617723269235,0,1,0
city_33,28,5.782134731084083,0,1,0
city_33,29,3.891880602733707,0,1,0
city_34,0,-0.3816532394138695,0,0,0
city_34,1,0.5070292608154328,0,0,0
city_34,2,0.9450225896146601,0,0,0
city_34,3,1.4415966962582698,0,0,0
city_34,4,1.491508908769428,0,0,0
city_34,5,1.2208914922772691,0,0,0
city_34,6,2.080207265576875,0,0,0
city_34,7,2.2430696369439738,0,0,0
city_34,8,1.976896826022302,0,0,0
city_34,9,2.522696240956235,0,0,0
city_34,10,2.3337875096505476,0,0,0
city_34,11,2.0724131756515782,0,0,0
city_34,12,2.8573400163429064,0,0,0
city_34,13,2.7185970715445866,0,0,0
city_34,14,2.818396461893201,0,0,0
city_34,15,3.7082117773635805,0,0,0
city_34,16,1.8998753142837512,0,0,0
city_34,17,2.5696093256117867,0,0,0
city_34,18,2.8376157848768595,0,0,0
city_34,19,3.401775927007842,0,0,0
city_34,20,3.6079093934288418,0,1,0
city_34,21,3.132906364960726,0,1,0
city_34,22,3.5448910726293548,0,1,0
city_34,23,3.757492242684356,0,1,0
city_34,24,5.566607314800852,0,1,0
city_34,25,5.388284919226361,0,1,0
city_34,26,4.430591893656709,0,1,0
city_34,27,4.603259279380387,0,1,0
city_34,28,4.358562789532414,0,1,0
city_34,29,4.126741054366368,0,1,0
city_35,0,0.6862409137733744,0,0,0
city_35,1,0.3795140249792765,0,0,0
city_35,2,0.9693598322628052,0,0,0
city_35,3,0.34461316905879824,0,0,0
city_35,4,0.8962458456205038,0,0,0
city_35,5,1.4836498904118536,0,0,0
city_35,6,1.7241312265265272,0,0,0
city_35,7,1.8810400674109184,0,0,0
city_35,8,1.1429258184795137,0,0,0
city_35,9,2.360969174048796,0,0,0
city_35,10,1.6635676751555903,0,0,0
city_35,11,2.5097425768109938,0,0,0
city_35,12,2.3172291486170944,0,0,0
city_35,13,1.7631864890072428,0,0,0
city_35,14,2.421712356597501,0,0,0
city_35,15,2.8905258237163007,0,0,0
city_35,16,3.1419639335195435,0,0,0
city_35,17,2.892232122202537,0,0,0
city_35,18,3.855471086213448,0,0,0
city_35,19,3.7198067571417206,0,0,0
city_35,20,3.2138118343588706,0,1,0
city_35,21,3.842908947974063,0,1,0
city_35,22,4.560079607072349,0,1,0
city_35,23,4.6983899095643045,0,1,0
city_35,24,3.2287467860473713,0,1,0
city_35,25,3.5037183101553975,0,1,0
city_35,26,4.833326265938576,0,1,0
city_35,27,3.685257260437842,0,1,0
city_35,28,3.6763122681715448,0,1,0
city_35,29,4.21733037060239,0,1,0
city_36,0,1.9618719688495005,0,0,0
city_36,1,1.8423732217242632,0,0,0
city_36,2,1.7091276692700708,0,0,0
city_36,3,1.8371643774103323,0,0,0
city_36,4,1.9569852506504755,0,0,0
city_36,5,2.0113035506595303,0,0,0
city_36,6,3.7288006948454546,0,0,0
city_36,7,2.872687432558439,0,0,0
city_36,8,3.302281792676827,0,0,0
city_36,9,2.748358142186643,0,0,0
city_36,10,3.032939439749196,0,0,0
city_36,11,2.901190562640923,0,0,0
city_36,12,2.063195145461335,0,0,0
city_36,13,2.8301620579514615,0,0,0
city_36,14,2.7430145275479876,0,0,0
city_36,15,2.6516336226676076,0,0,0
city_36,16,3.3060973446596362,0,0,0
city_36,17,4.692561384938919,0,0,0
city_36,18,4.133233795350175,0,0,0
city_36,19,4.925170447749007,0,0,0
city_36,20,4.6088921298219,0,1,0
city_36,21,4.917275846519141,0,1,0
city_36,22,4.197235066886019,0,1,0
city_36,23,5.030446417702552,0,1,0
city_36,24,5.252724865321369,0,1,0
city_36,25,4.71906000171553,0,1,0
city_36,26,5.405298952427902,0,1,0
city_36,27,5.525907574424141,0,1,0
city_36,28,5.084473164689844,0,1,0
city_36,29,4.913463382104833,0,1,0
city_37,0,1.4825183680066318,0,0,0
city_37,1,2.2745955744775843,0,0,0
city_37,2,2.550451458331138,0,0,0
city_37,3,2.145126940565988,0,0,0
city_37,4,2.707962271253332,0,0,0
city_37,5,3.1320517188465864,0,0,0
city_37,6,3.3068240967845823,0,0,0
city_37,7,3.9234449997417644,0,0,0
city_37,8,3.9346015795752702,0,0,0
city_37,9,2.942901694043849,0,0,0
city_37,10,4.43160742071149,0,0,0
city_37,11,3.4694248969462107,0,0,0
city_37,12,4.401282217015374,0,0,0
city_37,13,4.055608142740987,0,0,0
city_37,14,3.957148671297037,0,0,0
city_37,15,3.3998267498256474,0,0,0
city_37,16,4.357192426835019,0,0,0
city_37,17,3.8014352582546977,0,0,0
city_37,18,5.201786997766489,0,0,0
city_37,19,5.612408745299367,0,0,0
city_37,20,4.590303314478712,0,1,0
city_37,21,5.273369344984423,0,1,0
city_37,22,4.892200154535381,0,1,0
city_37,23,5.072060856734047,0,1,0
city_37,24,5.903862407463675,0,1,0
city_37,25,5.626572017863293,0,1,0
city_37,26,6.643815816582233,0,1,0
city_37,27,5.659961605364304,0,1,0
city_37,28,6.526778857991584,0,1,0
city_37,29,6.2008089779162985,0,1,0
city_38,0,1.4733897203715511,0,0,0
city_38,1,0.9854742657314728,0,0,0
city_38,2,1.3172232428097705,0,0,0
city_38,3,1.4165947516850068,0,0,0
city_38,4,1.1880442340014472,0,0,0
city_38,5,2.068224671085735,0,0,0
city_38,6,2.1927978077941495,0,0,0
city_38,7,2.294314453962119,0,0,0
city_38,8,2.8952545817096915,0,0,0
city_38,9,2.980046431687745,0,0,0
city_38,10,2.195868706503786,0,0,0
city_38,11,2.6971964251729883,0,0,0
city_38,12,2.3255591136788674,0,0,0
city_38,13,2.7750844029044774,0,0,0
city_38,14,2.5889358490831462,0,0,0
city_38,15,3.8236048778576,0,0,0
city_38,16,3.3195323767233065,0,0,0
city_38,17,3.152136179773416,0,0,0
city_38,18,3.9807810973566364,0,0,0
city_38,19,2.4208388848150855,0,0,0
city_38,20,2.620624188574229,0,1,0
city_38,21,4.146478554993512,0,1,0
city_38,22,3.899033082318335,0,1,0
city_38,23,4.113618887956254,0,1,0
city_38,24,3.4441534856523885,0,1,0
city_38,25,4.214051381659175,0,1,0
city_38,26,5.3451028287868345,0,1,0
city_38,27,4.872493596008459,0,1,0
city_38,28,4.6616613859915415,0,1,0
city_38,29,4.473067335156321,0,1,0
city_39,0,0.24460653830486612,0,0,0
city_39,1,-0.46573250138839617,0,0,0
city_39,2,0.8844077919747579,0,0,0
city_39,3,1.3347911248723248,0,0,0
city_39,4,0.2804360772947321,0,0,0
city_39,5,0.8934611164213615,0,0,0
city_39,6,0.8010823310004431,0,0,0
city_39,7,1.0524991506038923,0,0,0
city_39,8,1.7169845751958275,0,0,0
city_39,9,0.8028146513848062,0,0,0
city_39,10,2.306620053579898,0,0,0
city_39,11,2.5305729438145557,0,0,0
city_39,12,2.1819406347112014,0,0,0
city_39,13,1.220664762136431,0,0,0
city_39,14,2.1160121311733073,0,0,0
city_39,15,3.3835450944986314,0,0,0
city_39,16,1.5306349919404343,0,0,0
city_39,17,2.8980689660368224,0,0,0
city_39,18,2.6336847192928445,0,0,0
city_39,19,3.777476102176493,0,0,0
city_39,20,3.18878688287154,0,1,0
city_39,21,3.879116648099466,0,1,0
city_39,22,4.110304452033472,0,1,0
city_39,23,4.895756695640619,0,1,0
city_39,24,4.025873516272186,0,1,0
city_39,25,4.464694962044151,0,1,0
city_39,26,3.683097448339529,0,1,0
city_39,27,5.169405193028793,0,1,0
city_39,28,4.342134860851369,0,1,0
city_39,29,4.589817708936934,0,1,0
